Jurisdiction,Value,Race/ ethnicity,Year,Measure
State,69.6,All races/ ethnicities (aggregated),2017,Early prenatal care
Allegany,78.1,All races/ ethnicities (aggregated),2017,Early prenatal care
Anne Arundel,71,All races/ ethnicities (aggregated),2017,Early prenatal care
Baltimore City,67.1,All races/ ethnicities (aggregated),2017,Early prenatal care
Baltimore County,69,All races/ ethnicities (aggregated),2017,Early prenatal care
Calvert,77.1,All races/ ethnicities (aggregated),2017,Early prenatal care
Caroline,71.3,All races/ ethnicities (aggregated),2017,Early prenatal care
Carroll,81.2,All races/ ethnicities (aggregated),2017,Early prenatal care
Cecil,78.3,All races/ ethnicities (aggregated),2017,Early prenatal care
Charles,65,All races/ ethnicities (aggregated),2017,Early prenatal care
Dorchester,78.4,All races/ ethnicities (aggregated),2017,Early prenatal care
Frederick,80,All races/ ethnicities (aggregated),2017,Early prenatal care
Garrett,78.9,All races/ ethnicities (aggregated),2017,Early prenatal care
Harford,78.1,All races/ ethnicities (aggregated),2017,Early prenatal care
Howard,72.5,All races/ ethnicities (aggregated),2017,Early prenatal care
Kent,80.3,All races/ ethnicities (aggregated),2017,Early prenatal care
Montgomery,70.9,All races/ ethnicities (aggregated),2017,Early prenatal care
Prince George's,59.1,All races/ ethnicities (aggregated),2017,Early prenatal care
Queen Anne's,76.1,All races/ ethnicities (aggregated),2017,Early prenatal care
Saint Mary's,75.8,All races/ ethnicities (aggregated),2017,Early prenatal care
Somerset,76.4,All races/ ethnicities (aggregated),2017,Early prenatal care
Talbot,75.3,All races/ ethnicities (aggregated),2017,Early prenatal care
Washington,72.1,All races/ ethnicities (aggregated),2017,Early prenatal care
Wicomico,72.1,All races/ ethnicities (aggregated),2017,Early prenatal care
Worcester,79.8,All races/ ethnicities (aggregated),2017,Early prenatal care
State,64.1,Black Non-Hispanic,2017,Early prenatal care
Allegany,77.1,Black Non-Hispanic,2017,Early prenatal care
Anne Arundel,64.4,Black Non-Hispanic,2017,Early prenatal care
Baltimore City,65.2,Black Non-Hispanic,2017,Early prenatal care
Baltimore County,66.4,Black Non-Hispanic,2017,Early prenatal care
Calvert,66.7,Black Non-Hispanic,2017,Early prenatal care
Caroline,70.4,Black Non-Hispanic,2017,Early prenatal care
Carroll,70.6,Black Non-Hispanic,2017,Early prenatal care
Cecil,79.4,Black Non-Hispanic,2017,Early prenatal care
Charles,66.1,Black Non-Hispanic,2017,Early prenatal care
Dorchester,76.9,Black Non-Hispanic,2017,Early prenatal care
Frederick,72.9,Black Non-Hispanic,2017,Early prenatal care
Garrett,,Black Non-Hispanic,2017,Early prenatal care
Harford,71,Black Non-Hispanic,2017,Early prenatal care
Howard,65.7,Black Non-Hispanic,2017,Early prenatal care
Kent,68.4,Black Non-Hispanic,2017,Early prenatal care
Montgomery,61.9,Black Non-Hispanic,2017,Early prenatal care
Prince George's,60.6,Black Non-Hispanic,2017,Early prenatal care
Queen Anne's,64.5,Black Non-Hispanic,2017,Early prenatal care
Saint Mary's,70.8,Black Non-Hispanic,2017,Early prenatal care
Somerset,71,Black Non-Hispanic,2017,Early prenatal care
Talbot,83,Black Non-Hispanic,2017,Early prenatal care
Washington,66.1,Black Non-Hispanic,2017,Early prenatal care
Wicomico,61.1,Black Non-Hispanic,2017,Early prenatal care
Worcester,67.2,Black Non-Hispanic,2017,Early prenatal care
State,54.5,Hispanic,2017,Early prenatal care
Allegany,75,Hispanic,2017,Early prenatal care
Anne Arundel,54.8,Hispanic,2017,Early prenatal care
Baltimore City,53.4,Hispanic,2017,Early prenatal care
Baltimore County,51.8,Hispanic,2017,Early prenatal care
Calvert,77.8,Hispanic,2017,Early prenatal care
Caroline,35.3,Hispanic,2017,Early prenatal care
Carroll,66.3,Hispanic,2017,Early prenatal care
Cecil,61.1,Hispanic,2017,Early prenatal care
Charles,40.8,Hispanic,2017,Early prenatal care
Dorchester,70.5,Hispanic,2017,Early prenatal care
Frederick,60.5,Hispanic,2017,Early prenatal care
Garrett,,Hispanic,2017,Early prenatal care
Harford,72.6,Hispanic,2017,Early prenatal care
Howard,55.8,Hispanic,2017,Early prenatal care
Kent,55.6,Hispanic,2017,Early prenatal care
Montgomery,57.5,Hispanic,2017,Early prenatal care
Prince George's,50.5,Hispanic,2017,Early prenatal care
Queen Anne's,44.7,Hispanic,2017,Early prenatal care
Saint Mary's,59.8,Hispanic,2017,Early prenatal care
Somerset,77.3,Hispanic,2017,Early prenatal care
Talbot,53.8,Hispanic,2017,Early prenatal care
Washington,56.8,Hispanic,2017,Early prenatal care
Wicomico,59.1,Hispanic,2017,Early prenatal care
Worcester,63.6,Hispanic,2017,Early prenatal care
State,79.4,White Non-Hispanic,2017,Early prenatal care
Allegany,78,White Non-Hispanic,2017,Early prenatal care
Anne Arundel,77.1,White Non-Hispanic,2017,Early prenatal care
Baltimore City,75.9,White Non-Hispanic,2017,Early prenatal care
Baltimore County,75.7,White Non-Hispanic,2017,Early prenatal care
Calvert,78.5,White Non-Hispanic,2017,Early prenatal care
Caroline,82,White Non-Hispanic,2017,Early prenatal care
Carroll,82.4,White Non-Hispanic,2017,Early prenatal care
Cecil,79.1,White Non-Hispanic,2017,Early prenatal care
Charles,71.7,White Non-Hispanic,2017,Early prenatal care
Dorchester,81.1,White Non-Hispanic,2017,Early prenatal care
Frederick,86,White Non-Hispanic,2017,Early prenatal care
Garrett,80,White Non-Hispanic,2017,Early prenatal care
Harford,80.4,White Non-Hispanic,2017,Early prenatal care
Howard,80.7,White Non-Hispanic,2017,Early prenatal care
Kent,85.6,White Non-Hispanic,2017,Early prenatal care
Montgomery,85.1,White Non-Hispanic,2017,Early prenatal care
Prince George's,74.8,White Non-Hispanic,2017,Early prenatal care
Queen Anne's,80.6,White Non-Hispanic,2017,Early prenatal care
Saint Mary's,78.9,White Non-Hispanic,2017,Early prenatal care
Somerset,80.6,White Non-Hispanic,2017,Early prenatal care
Talbot,81.1,White Non-Hispanic,2017,Early prenatal care
Washington,75.2,White Non-Hispanic,2017,Early prenatal care
Wicomico,82.8,White Non-Hispanic,2017,Early prenatal care
Worcester,83.5,White Non-Hispanic,2017,Early prenatal care
State,71.9,Asian/ Pacific Islander Non-Hispanic,2017,Early prenatal care
Allegany,,Asian/ Pacific Islander Non-Hispanic,2017,Early prenatal care
Anne Arundel,64.8,Asian/ Pacific Islander Non-Hispanic,2017,Early prenatal care
Baltimore City,74.6,Asian/ Pacific Islander Non-Hispanic,2017,Early prenatal care
Baltimore County,66.2,Asian/ Pacific Islander Non-Hispanic,2017,Early prenatal care
Calvert,80,Asian/ Pacific Islander Non-Hispanic,2017,Early prenatal care
Caroline,62.5,Asian/ Pacific Islander Non-Hispanic,2017,Early prenatal care
Carroll,80.6,Asian/ Pacific Islander Non-Hispanic,2017,Early prenatal care
Cecil,94.1,Asian/ Pacific Islander Non-Hispanic,2017,Early prenatal care
Charles,57.5,Asian/ Pacific Islander Non-Hispanic,2017,Early prenatal care
Dorchester,,Asian/ Pacific Islander Non-Hispanic,2017,Early prenatal care
Frederick,76.2,Asian/ Pacific Islander Non-Hispanic,2017,Early prenatal care
Garrett,,Asian/ Pacific Islander Non-Hispanic,2017,Early prenatal care
Harford,74.7,Asian/ Pacific Islander Non-Hispanic,2017,Early prenatal care
Howard,72,Asian/ Pacific Islander Non-Hispanic,2017,Early prenatal care
Kent,,Asian/ Pacific Islander Non-Hispanic,2017,Early prenatal care
Montgomery,77.3,Asian/ Pacific Islander Non-Hispanic,2017,Early prenatal care
Prince George's,64.9,Asian/ Pacific Islander Non-Hispanic,2017,Early prenatal care
Queen Anne's,70,Asian/ Pacific Islander Non-Hispanic,2017,Early prenatal care
Saint Mary's,69.2,Asian/ Pacific Islander Non-Hispanic,2017,Early prenatal care
Somerset,,Asian/ Pacific Islander Non-Hispanic,2017,Early prenatal care
Talbot,83.3,Asian/ Pacific Islander Non-Hispanic,2017,Early prenatal care
Washington,63.8,Asian/ Pacific Islander Non-Hispanic,2017,Early prenatal care
Wicomico,75.8,Asian/ Pacific Islander Non-Hispanic,2017,Early prenatal care
Worcester,83.3,Asian/ Pacific Islander Non-Hispanic,2017,Early prenatal care
State,67.8,All races/ ethnicities (aggregated),2016,Early prenatal care
Allegany,75.2,All races/ ethnicities (aggregated),2016,Early prenatal care
Anne Arundel,69.8,All races/ ethnicities (aggregated),2016,Early prenatal care
Baltimore City,59.6,All races/ ethnicities (aggregated),2016,Early prenatal care
Baltimore County,66.7,All races/ ethnicities (aggregated),2016,Early prenatal care
Calvert,77.1,All races/ ethnicities (aggregated),2016,Early prenatal care
Caroline,72.6,All races/ ethnicities (aggregated),2016,Early prenatal care
Carroll,77.3,All races/ ethnicities (aggregated),2016,Early prenatal care
Cecil,78.5,All races/ ethnicities (aggregated),2016,Early prenatal care
Charles,66.9,All races/ ethnicities (aggregated),2016,Early prenatal care
Dorchester,76.7,All races/ ethnicities (aggregated),2016,Early prenatal care
Frederick,77.9,All races/ ethnicities (aggregated),2016,Early prenatal care
Garrett,82.4,All races/ ethnicities (aggregated),2016,Early prenatal care
Harford,75,All races/ ethnicities (aggregated),2016,Early prenatal care
Howard,75,All races/ ethnicities (aggregated),2016,Early prenatal care
Kent,72.9,All races/ ethnicities (aggregated),2016,Early prenatal care
Montgomery,68.4,All races/ ethnicities (aggregated),2016,Early prenatal care
Prince George's,57.5,All races/ ethnicities (aggregated),2016,Early prenatal care
Queen Anne's,75.5,All races/ ethnicities (aggregated),2016,Early prenatal care
Saint Mary's,80.3,All races/ ethnicities (aggregated),2016,Early prenatal care
Somerset,79.5,All races/ ethnicities (aggregated),2016,Early prenatal care
Talbot,74.6,All races/ ethnicities (aggregated),2016,Early prenatal care
Washington,70.2,All races/ ethnicities (aggregated),2016,Early prenatal care
Wicomico,77,All races/ ethnicities (aggregated),2016,Early prenatal care
Worcester,78.6,All races/ ethnicities (aggregated),2016,Early prenatal care
State,60.5,Black Non-Hispanic,2016,Early prenatal care
Allegany,57.9,Black Non-Hispanic,2016,Early prenatal care
Anne Arundel,62.2,Black Non-Hispanic,2016,Early prenatal care
Baltimore City,57.7,Black Non-Hispanic,2016,Early prenatal care
Baltimore County,59.3,Black Non-Hispanic,2016,Early prenatal care
Calvert,74.5,Black Non-Hispanic,2016,Early prenatal care
Caroline,65.6,Black Non-Hispanic,2016,Early prenatal care
Carroll,69.8,Black Non-Hispanic,2016,Early prenatal care
Cecil,73,Black Non-Hispanic,2016,Early prenatal care
Charles,65.3,Black Non-Hispanic,2016,Early prenatal care
Dorchester,71.7,Black Non-Hispanic,2016,Early prenatal care
Frederick,65.3,Black Non-Hispanic,2016,Early prenatal care
Garrett,,Black Non-Hispanic,2016,Early prenatal care
Harford,63.5,Black Non-Hispanic,2016,Early prenatal care
Howard,68,Black Non-Hispanic,2016,Early prenatal care
Kent,68.6,Black Non-Hispanic,2016,Early prenatal care
Montgomery,57.8,Black Non-Hispanic,2016,Early prenatal care
Prince George's,59.2,Black Non-Hispanic,2016,Early prenatal care
Queen Anne's,66.7,Black Non-Hispanic,2016,Early prenatal care
Saint Mary's,70.7,Black Non-Hispanic,2016,Early prenatal care
Somerset,75.2,Black Non-Hispanic,2016,Early prenatal care
Talbot,88.9,Black Non-Hispanic,2016,Early prenatal care
Washington,57.1,Black Non-Hispanic,2016,Early prenatal care
Wicomico,74.2,Black Non-Hispanic,2016,Early prenatal care
Worcester,76.6,Black Non-Hispanic,2016,Early prenatal care
State,50.8,Hispanic,2016,Early prenatal care
Allegany,85.7,Hispanic,2016,Early prenatal care
Anne Arundel,48.9,Hispanic,2016,Early prenatal care
Baltimore City,34.1,Hispanic,2016,Early prenatal care
Baltimore County,47.5,Hispanic,2016,Early prenatal care
Calvert,-40,Hispanic,2016,Early prenatal care
Caroline,45.2,Hispanic,2016,Early prenatal care
Carroll,46.8,Hispanic,2016,Early prenatal care
Cecil,59,Hispanic,2016,Early prenatal care
Charles,56.7,Hispanic,2016,Early prenatal care
Dorchester,65.5,Hispanic,2016,Early prenatal care
Frederick,65.7,Hispanic,2016,Early prenatal care
Garrett,,Hispanic,2016,Early prenatal care
Harford,60.3,Hispanic,2016,Early prenatal care
Howard,52.9,Hispanic,2016,Early prenatal care
Kent,,Hispanic,2016,Early prenatal care
Montgomery,49.5,Hispanic,2016,Early prenatal care
Prince George's,47.7,Hispanic,2016,Early prenatal care
Queen Anne's,-9.3,Hispanic,2016,Early prenatal care
Saint Mary's,66.7,Hispanic,2016,Early prenatal care
Somerset,69.2,Hispanic,2016,Early prenatal care
Talbot,42,Hispanic,2016,Early prenatal care
Washington,57.8,Hispanic,2016,Early prenatal care
Wicomico,56.8,Hispanic,2016,Early prenatal care
Worcester,68.2,Hispanic,2016,Early prenatal care
State,78.3,White Non-Hispanic,2016,Early prenatal care
Allegany,75.6,White Non-Hispanic,2016,Early prenatal care
Anne Arundel,76.6,White Non-Hispanic,2016,Early prenatal care
Baltimore City,72.3,White Non-Hispanic,2016,Early prenatal care
Baltimore County,74.9,White Non-Hispanic,2016,Early prenatal care
Calvert,78.9,White Non-Hispanic,2016,Early prenatal care
Caroline,81,White Non-Hispanic,2016,Early prenatal care
Carroll,79.7,White Non-Hispanic,2016,Early prenatal care
Cecil,80,White Non-Hispanic,2016,Early prenatal care
Charles,71.9,White Non-Hispanic,2016,Early prenatal care
Dorchester,83.5,White Non-Hispanic,2016,Early prenatal care
Frederick,82.2,White Non-Hispanic,2016,Early prenatal care
Garrett,82.8,White Non-Hispanic,2016,Early prenatal care
Harford,78.7,White Non-Hispanic,2016,Early prenatal care
Howard,81,White Non-Hispanic,2016,Early prenatal care
Kent,76.5,White Non-Hispanic,2016,Early prenatal care
Montgomery,83.5,White Non-Hispanic,2016,Early prenatal care
Prince George's,73,White Non-Hispanic,2016,Early prenatal care
Queen Anne's,81,White Non-Hispanic,2016,Early prenatal care
Saint Mary's,83.4,White Non-Hispanic,2016,Early prenatal care
Somerset,85.6,White Non-Hispanic,2016,Early prenatal care
Talbot,83.5,White Non-Hispanic,2016,Early prenatal care
Washington,73.3,White Non-Hispanic,2016,Early prenatal care
Wicomico,82.6,White Non-Hispanic,2016,Early prenatal care
Worcester,80,White Non-Hispanic,2016,Early prenatal care
State,72,Asian/ Pacific Islander Non-Hispanic,2016,Early prenatal care
Allegany,90.9,Asian/ Pacific Islander Non-Hispanic,2016,Early prenatal care
Anne Arundel,65.4,Asian/ Pacific Islander Non-Hispanic,2016,Early prenatal care
Baltimore City,64.8,Asian/ Pacific Islander Non-Hispanic,2016,Early prenatal care
Baltimore County,68.2,Asian/ Pacific Islander Non-Hispanic,2016,Early prenatal care
Calvert,57.1,Asian/ Pacific Islander Non-Hispanic,2016,Early prenatal care
Caroline,,Asian/ Pacific Islander Non-Hispanic,2016,Early prenatal care
Carroll,79.1,Asian/ Pacific Islander Non-Hispanic,2016,Early prenatal care
Cecil,81.8,Asian/ Pacific Islander Non-Hispanic,2016,Early prenatal care
Charles,57.4,Asian/ Pacific Islander Non-Hispanic,2016,Early prenatal care
Dorchester,100,Asian/ Pacific Islander Non-Hispanic,2016,Early prenatal care
Frederick,72.2,Asian/ Pacific Islander Non-Hispanic,2016,Early prenatal care
Garrett,,Asian/ Pacific Islander Non-Hispanic,2016,Early prenatal care
Harford,72.4,Asian/ Pacific Islander Non-Hispanic,2016,Early prenatal care
Howard,77,Asian/ Pacific Islander Non-Hispanic,2016,Early prenatal care
Kent,,Asian/ Pacific Islander Non-Hispanic,2016,Early prenatal care
Montgomery,76.1,Asian/ Pacific Islander Non-Hispanic,2016,Early prenatal care
Prince George's,63.5,Asian/ Pacific Islander Non-Hispanic,2016,Early prenatal care
Queen Anne's,,Asian/ Pacific Islander Non-Hispanic,2016,Early prenatal care
Saint Mary's,78.8,Asian/ Pacific Islander Non-Hispanic,2016,Early prenatal care
Somerset,,Asian/ Pacific Islander Non-Hispanic,2016,Early prenatal care
Talbot,54.5,Asian/ Pacific Islander Non-Hispanic,2016,Early prenatal care
Washington,77.1,Asian/ Pacific Islander Non-Hispanic,2016,Early prenatal care
Wicomico,80,Asian/ Pacific Islander Non-Hispanic,2016,Early prenatal care
Worcester,,Asian/ Pacific Islander Non-Hispanic,2016,Early prenatal care
State,66.9,All races/ ethnicities (aggregated),2015,Early prenatal care
Allegany,77.2,All races/ ethnicities (aggregated),2015,Early prenatal care
Anne Arundel,69.4,All races/ ethnicities (aggregated),2015,Early prenatal care
Baltimore City,59.4,All races/ ethnicities (aggregated),2015,Early prenatal care
Baltimore County,66.7,All races/ ethnicities (aggregated),2015,Early prenatal care
Calvert,72.1,All races/ ethnicities (aggregated),2015,Early prenatal care
Caroline,76.7,All races/ ethnicities (aggregated),2015,Early prenatal care
Carroll,75.9,All races/ ethnicities (aggregated),2015,Early prenatal care
Cecil,78.2,All races/ ethnicities (aggregated),2015,Early prenatal care
Charles,67.6,All races/ ethnicities (aggregated),2015,Early prenatal care
Dorchester,78.1,All races/ ethnicities (aggregated),2015,Early prenatal care
Frederick,77.5,All races/ ethnicities (aggregated),2015,Early prenatal care
Garrett,80.9,All races/ ethnicities (aggregated),2015,Early prenatal care
Harford,78.6,All races/ ethnicities (aggregated),2015,Early prenatal care
Howard,68.6,All races/ ethnicities (aggregated),2015,Early prenatal care
Kent,81.9,All races/ ethnicities (aggregated),2015,Early prenatal care
Montgomery,66.3,All races/ ethnicities (aggregated),2015,Early prenatal care
Prince George's,56.5,All races/ ethnicities (aggregated),2015,Early prenatal care
Queen Anne's,75.3,All races/ ethnicities (aggregated),2015,Early prenatal care
Saint Mary's,77.2,All races/ ethnicities (aggregated),2015,Early prenatal care
Somerset,80.5,All races/ ethnicities (aggregated),2015,Early prenatal care
Talbot,76.3,All races/ ethnicities (aggregated),2015,Early prenatal care
Washington,70.2,All races/ ethnicities (aggregated),2015,Early prenatal care
Wicomico,78.8,All races/ ethnicities (aggregated),2015,Early prenatal care
Worcester,80.4,All races/ ethnicities (aggregated),2015,Early prenatal care
State,60.4,Black Non-Hispanic,2015,Early prenatal care
Allegany,76,Black Non-Hispanic,2015,Early prenatal care
Anne Arundel,61.9,Black Non-Hispanic,2015,Early prenatal care
Baltimore City,57.9,Black Non-Hispanic,2015,Early prenatal care
Baltimore County,60.9,Black Non-Hispanic,2015,Early prenatal care
Calvert,59.6,Black Non-Hispanic,2015,Early prenatal care
Caroline,76.7,Black Non-Hispanic,2015,Early prenatal care
Carroll,56.9,Black Non-Hispanic,2015,Early prenatal care
Cecil,71,Black Non-Hispanic,2015,Early prenatal care
Charles,63,Black Non-Hispanic,2015,Early prenatal care
Dorchester,72,Black Non-Hispanic,2015,Early prenatal care
Frederick,64.4,Black Non-Hispanic,2015,Early prenatal care
Garrett,,Black Non-Hispanic,2015,Early prenatal care
Harford,67.1,Black Non-Hispanic,2015,Early prenatal care
Howard,60.2,Black Non-Hispanic,2015,Early prenatal care
Kent,72.2,Black Non-Hispanic,2015,Early prenatal care
Montgomery,59.5,Black Non-Hispanic,2015,Early prenatal care
Prince George's,58.9,Black Non-Hispanic,2015,Early prenatal care
Queen Anne's,69.6,Black Non-Hispanic,2015,Early prenatal care
Saint Mary's,69.4,Black Non-Hispanic,2015,Early prenatal care
Somerset,77.3,Black Non-Hispanic,2015,Early prenatal care
Talbot,76.3,Black Non-Hispanic,2015,Early prenatal care
Washington,56,Black Non-Hispanic,2015,Early prenatal care
Wicomico,69.8,Black Non-Hispanic,2015,Early prenatal care
Worcester,71.6,Black Non-Hispanic,2015,Early prenatal care
State,48.1,Hispanic,2015,Early prenatal care
Allegany,87.5,Hispanic,2015,Early prenatal care
Anne Arundel,51.2,Hispanic,2015,Early prenatal care
Baltimore City,38.6,Hispanic,2015,Early prenatal care
Baltimore County,49.4,Hispanic,2015,Early prenatal care
Calvert,52.8,Hispanic,2015,Early prenatal care
Caroline,58,Hispanic,2015,Early prenatal care
Carroll,43.5,Hispanic,2015,Early prenatal care
Cecil,55.4,Hispanic,2015,Early prenatal care
Charles,62,Hispanic,2015,Early prenatal care
Dorchester,64.1,Hispanic,2015,Early prenatal care
Frederick,59.9,Hispanic,2015,Early prenatal care
Garrett,,Hispanic,2015,Early prenatal care
Harford,65.4,Hispanic,2015,Early prenatal care
Howard,53.7,Hispanic,2015,Early prenatal care
Kent,,Hispanic,2015,Early prenatal care
Montgomery,46.9,Hispanic,2015,Early prenatal care
Prince George's,44.8,Hispanic,2015,Early prenatal care
Queen Anne's,43.3,Hispanic,2015,Early prenatal care
Saint Mary's,72.4,Hispanic,2015,Early prenatal care
Somerset,72.2,Hispanic,2015,Early prenatal care
Talbot,49.1,Hispanic,2015,Early prenatal care
Washington,64.5,Hispanic,2015,Early prenatal care
Wicomico,69.1,Hispanic,2015,Early prenatal care
Worcester,53.8,Hispanic,2015,Early prenatal care
State,77.9,White Non-Hispanic,2015,Early prenatal care
Allegany,77.5,White Non-Hispanic,2015,Early prenatal care
Anne Arundel,75.1,White Non-Hispanic,2015,Early prenatal care
Baltimore City,69.8,White Non-Hispanic,2015,Early prenatal care
Baltimore County,74.6,White Non-Hispanic,2015,Early prenatal care
Calvert,74.5,White Non-Hispanic,2015,Early prenatal care
Caroline,80.6,White Non-Hispanic,2015,Early prenatal care
Carroll,79,White Non-Hispanic,2015,Early prenatal care
Cecil,80.8,White Non-Hispanic,2015,Early prenatal care
Charles,73.9,White Non-Hispanic,2015,Early prenatal care
Dorchester,85.8,White Non-Hispanic,2015,Early prenatal care
Frederick,83.2,White Non-Hispanic,2015,Early prenatal care
Garrett,81.9,White Non-Hispanic,2015,Early prenatal care
Harford,82.5,White Non-Hispanic,2015,Early prenatal care
Howard,77.1,White Non-Hispanic,2015,Early prenatal care
Kent,87.6,White Non-Hispanic,2015,Early prenatal care
Montgomery,82.9,White Non-Hispanic,2015,Early prenatal care
Prince George's,74.2,White Non-Hispanic,2015,Early prenatal care
Queen Anne's,77.9,White Non-Hispanic,2015,Early prenatal care
Saint Mary's,79.4,White Non-Hispanic,2015,Early prenatal care
Somerset,84.1,White Non-Hispanic,2015,Early prenatal care
Talbot,84.7,White Non-Hispanic,2015,Early prenatal care
Washington,73.9,White Non-Hispanic,2015,Early prenatal care
Wicomico,86.6,White Non-Hispanic,2015,Early prenatal care
Worcester,85.1,White Non-Hispanic,2015,Early prenatal care
State,68.3,Asian/ Pacific Islander Non-Hispanic,2015,Early prenatal care
Allegany,45.5,Asian/ Pacific Islander Non-Hispanic,2015,Early prenatal care
Anne Arundel,67.2,Asian/ Pacific Islander Non-Hispanic,2015,Early prenatal care
Baltimore City,62.7,Asian/ Pacific Islander Non-Hispanic,2015,Early prenatal care
Baltimore County,60.7,Asian/ Pacific Islander Non-Hispanic,2015,Early prenatal care
Calvert,76.2,Asian/ Pacific Islander Non-Hispanic,2015,Early prenatal care
Caroline,85.7,Asian/ Pacific Islander Non-Hispanic,2015,Early prenatal care
Carroll,69.4,Asian/ Pacific Islander Non-Hispanic,2015,Early prenatal care
Cecil,58.3,Asian/ Pacific Islander Non-Hispanic,2015,Early prenatal care
Charles,66.7,Asian/ Pacific Islander Non-Hispanic,2015,Early prenatal care
Dorchester,,Asian/ Pacific Islander Non-Hispanic,2015,Early prenatal care
Frederick,80.8,Asian/ Pacific Islander Non-Hispanic,2015,Early prenatal care
Garrett,,Asian/ Pacific Islander Non-Hispanic,2015,Early prenatal care
Harford,73.4,Asian/ Pacific Islander Non-Hispanic,2015,Early prenatal care
Howard,64.2,Asian/ Pacific Islander Non-Hispanic,2015,Early prenatal care
Kent,,Asian/ Pacific Islander Non-Hispanic,2015,Early prenatal care
Montgomery,74.1,Asian/ Pacific Islander Non-Hispanic,2015,Early prenatal care
Prince George's,63.3,Asian/ Pacific Islander Non-Hispanic,2015,Early prenatal care
Queen Anne's,85.7,Asian/ Pacific Islander Non-Hispanic,2015,Early prenatal care
Saint Mary's,71.7,Asian/ Pacific Islander Non-Hispanic,2015,Early prenatal care
Somerset,,Asian/ Pacific Islander Non-Hispanic,2015,Early prenatal care
Talbot,,Asian/ Pacific Islander Non-Hispanic,2015,Early prenatal care
Washington,57.1,Asian/ Pacific Islander Non-Hispanic,2015,Early prenatal care
Wicomico,82,Asian/ Pacific Islander Non-Hispanic,2015,Early prenatal care
Worcester,80,Asian/ Pacific Islander Non-Hispanic,2015,Early prenatal care
State,66.6,All races/ ethnicities (aggregated),2014,Early prenatal care
Allegany,78,All races/ ethnicities (aggregated),2014,Early prenatal care
Anne Arundel,71.8,All races/ ethnicities (aggregated),2014,Early prenatal care
Baltimore City,56.6,All races/ ethnicities (aggregated),2014,Early prenatal care
Baltimore County,64.9,All races/ ethnicities (aggregated),2014,Early prenatal care
Calvert,77.1,All races/ ethnicities (aggregated),2014,Early prenatal care
Caroline,74.1,All races/ ethnicities (aggregated),2014,Early prenatal care
Carroll,75,All races/ ethnicities (aggregated),2014,Early prenatal care
Cecil,75.7,All races/ ethnicities (aggregated),2014,Early prenatal care
Charles,66.5,All races/ ethnicities (aggregated),2014,Early prenatal care
Dorchester,73.4,All races/ ethnicities (aggregated),2014,Early prenatal care
Frederick,76.6,All races/ ethnicities (aggregated),2014,Early prenatal care
Garrett,78.4,All races/ ethnicities (aggregated),2014,Early prenatal care
Harford,74.5,All races/ ethnicities (aggregated),2014,Early prenatal care
Howard,69.7,All races/ ethnicities (aggregated),2014,Early prenatal care
Kent,79.6,All races/ ethnicities (aggregated),2014,Early prenatal care
Montgomery,68.3,All races/ ethnicities (aggregated),2014,Early prenatal care
Prince George's,56.4,All races/ ethnicities (aggregated),2014,Early prenatal care
Queen Anne's,79.9,All races/ ethnicities (aggregated),2014,Early prenatal care
Saint Mary's,77.4,All races/ ethnicities (aggregated),2014,Early prenatal care
Somerset,76.6,All races/ ethnicities (aggregated),2014,Early prenatal care
Talbot,73.6,All races/ ethnicities (aggregated),2014,Early prenatal care
Washington,69.1,All races/ ethnicities (aggregated),2014,Early prenatal care
Wicomico,74,All races/ ethnicities (aggregated),2014,Early prenatal care
Worcester,77.6,All races/ ethnicities (aggregated),2014,Early prenatal care
State,58.3,Black Non-Hispanic,2014,Early prenatal care
Allegany,80,Black Non-Hispanic,2014,Early prenatal care
Anne Arundel,63.8,Black Non-Hispanic,2014,Early prenatal care
Baltimore City,53.2,Black Non-Hispanic,2014,Early prenatal care
Baltimore County,57.7,Black Non-Hispanic,2014,Early prenatal care
Calvert,69.9,Black Non-Hispanic,2014,Early prenatal care
Caroline,62.5,Black Non-Hispanic,2014,Early prenatal care
Carroll,60,Black Non-Hispanic,2014,Early prenatal care
Cecil,70.4,Black Non-Hispanic,2014,Early prenatal care
Charles,63.8,Black Non-Hispanic,2014,Early prenatal care
Dorchester,63.7,Black Non-Hispanic,2014,Early prenatal care
Frederick,64.8,Black Non-Hispanic,2014,Early prenatal care
Garrett,,Black Non-Hispanic,2014,Early prenatal care
Harford,58.4,Black Non-Hispanic,2014,Early prenatal care
Howard,62.8,Black Non-Hispanic,2014,Early prenatal care
Kent,85.7,Black Non-Hispanic,2014,Early prenatal care
Montgomery,56.6,Black Non-Hispanic,2014,Early prenatal care
Prince George's,58.1,Black Non-Hispanic,2014,Early prenatal care
Queen Anne's,80.6,Black Non-Hispanic,2014,Early prenatal care
Saint Mary's,67.4,Black Non-Hispanic,2014,Early prenatal care
Somerset,74.7,Black Non-Hispanic,2014,Early prenatal care
Talbot,76.9,Black Non-Hispanic,2014,Early prenatal care
Washington,58.8,Black Non-Hispanic,2014,Early prenatal care
Wicomico,65.7,Black Non-Hispanic,2014,Early prenatal care
Worcester,74.7,Black Non-Hispanic,2014,Early prenatal care
State,49.7,Hispanic,2014,Early prenatal care
Allegany,,Hispanic,2014,Early prenatal care
Anne Arundel,56.1,Hispanic,2014,Early prenatal care
Baltimore City,41.6,Hispanic,2014,Early prenatal care
Baltimore County,41.9,Hispanic,2014,Early prenatal care
Calvert,57.1,Hispanic,2014,Early prenatal care
Caroline,56.1,Hispanic,2014,Early prenatal care
Carroll,48.7,Hispanic,2014,Early prenatal care
Cecil,56.4,Hispanic,2014,Early prenatal care
Charles,48.2,Hispanic,2014,Early prenatal care
Dorchester,71.4,Hispanic,2014,Early prenatal care
Frederick,63.6,Hispanic,2014,Early prenatal care
Garrett,,Hispanic,2014,Early prenatal care
Harford,64.6,Hispanic,2014,Early prenatal care
Howard,48,Hispanic,2014,Early prenatal care
Kent,54.5,Hispanic,2014,Early prenatal care
Montgomery,52.2,Hispanic,2014,Early prenatal care
Prince George's,45.4,Hispanic,2014,Early prenatal care
Queen Anne's,51.6,Hispanic,2014,Early prenatal care
Saint Mary's,67,Hispanic,2014,Early prenatal care
Somerset,47.8,Hispanic,2014,Early prenatal care
Talbot,42.3,Hispanic,2014,Early prenatal care
Washington,60.9,Hispanic,2014,Early prenatal care
Wicomico,60.4,Hispanic,2014,Early prenatal care
Worcester,65,Hispanic,2014,Early prenatal care
State,77.4,White Non-Hispanic,2014,Early prenatal care
Allegany,77.8,White Non-Hispanic,2014,Early prenatal care
Anne Arundel,77.3,White Non-Hispanic,2014,Early prenatal care
Baltimore City,69.3,White Non-Hispanic,2014,Early prenatal care
Baltimore County,73.8,White Non-Hispanic,2014,Early prenatal care
Calvert,79.2,White Non-Hispanic,2014,Early prenatal care
Caroline,81.2,White Non-Hispanic,2014,Early prenatal care
Carroll,76.9,White Non-Hispanic,2014,Early prenatal care
Cecil,77.8,White Non-Hispanic,2014,Early prenatal care
Charles,72.9,White Non-Hispanic,2014,Early prenatal care
Dorchester,80,White Non-Hispanic,2014,Early prenatal care
Frederick,82,White Non-Hispanic,2014,Early prenatal care
Garrett,78.3,White Non-Hispanic,2014,Early prenatal care
Harford,78.6,White Non-Hispanic,2014,Early prenatal care
Howard,78.6,White Non-Hispanic,2014,Early prenatal care
Kent,80,White Non-Hispanic,2014,Early prenatal care
Montgomery,83,White Non-Hispanic,2014,Early prenatal care
Prince George's,72,White Non-Hispanic,2014,Early prenatal care
Queen Anne's,82.2,White Non-Hispanic,2014,Early prenatal care
Saint Mary's,80.6,White Non-Hispanic,2014,Early prenatal care
Somerset,82.7,White Non-Hispanic,2014,Early prenatal care
Talbot,85.9,White Non-Hispanic,2014,Early prenatal care
Washington,71.4,White Non-Hispanic,2014,Early prenatal care
Wicomico,81.9,White Non-Hispanic,2014,Early prenatal care
Worcester,78.7,White Non-Hispanic,2014,Early prenatal care
State,69.3,Asian/ Pacific Islander Non-Hispanic,2014,Early prenatal care
Allegany,100,Asian/ Pacific Islander Non-Hispanic,2014,Early prenatal care
Anne Arundel,68,Asian/ Pacific Islander Non-Hispanic,2014,Early prenatal care
Baltimore City,58.3,Asian/ Pacific Islander Non-Hispanic,2014,Early prenatal care
Baltimore County,61.4,Asian/ Pacific Islander Non-Hispanic,2014,Early prenatal care
Calvert,66.7,Asian/ Pacific Islander Non-Hispanic,2014,Early prenatal care
Caroline,,Asian/ Pacific Islander Non-Hispanic,2014,Early prenatal care
Carroll,78.6,Asian/ Pacific Islander Non-Hispanic,2014,Early prenatal care
Cecil,55,Asian/ Pacific Islander Non-Hispanic,2014,Early prenatal care
Charles,58.4,Asian/ Pacific Islander Non-Hispanic,2014,Early prenatal care
Dorchester,,Asian/ Pacific Islander Non-Hispanic,2014,Early prenatal care
Frederick,70.1,Asian/ Pacific Islander Non-Hispanic,2014,Early prenatal care
Garrett,,Asian/ Pacific Islander Non-Hispanic,2014,Early prenatal care
Harford,71.1,Asian/ Pacific Islander Non-Hispanic,2014,Early prenatal care
Howard,68.5,Asian/ Pacific Islander Non-Hispanic,2014,Early prenatal care
Kent,,Asian/ Pacific Islander Non-Hispanic,2014,Early prenatal care
Montgomery,75.1,Asian/ Pacific Islander Non-Hispanic,2014,Early prenatal care
Prince George's,65.2,Asian/ Pacific Islander Non-Hispanic,2014,Early prenatal care
Queen Anne's,81.8,Asian/ Pacific Islander Non-Hispanic,2014,Early prenatal care
Saint Mary's,80.4,Asian/ Pacific Islander Non-Hispanic,2014,Early prenatal care
Somerset,,Asian/ Pacific Islander Non-Hispanic,2014,Early prenatal care
Talbot,66.7,Asian/ Pacific Islander Non-Hispanic,2014,Early prenatal care
Washington,71,Asian/ Pacific Islander Non-Hispanic,2014,Early prenatal care
Wicomico,75.7,Asian/ Pacific Islander Non-Hispanic,2014,Early prenatal care
Worcester,87.5,Asian/ Pacific Islander Non-Hispanic,2014,Early prenatal care
State,67,All races/ ethnicities (aggregated),2013,Early prenatal care
Allegany,70.2,All races/ ethnicities (aggregated),2013,Early prenatal care
Anne Arundel,74.2,All races/ ethnicities (aggregated),2013,Early prenatal care
Baltimore City,56.7,All races/ ethnicities (aggregated),2013,Early prenatal care
Baltimore County,66.2,All races/ ethnicities (aggregated),2013,Early prenatal care
Calvert,77.3,All races/ ethnicities (aggregated),2013,Early prenatal care
Caroline,73.5,All races/ ethnicities (aggregated),2013,Early prenatal care
Carroll,71.6,All races/ ethnicities (aggregated),2013,Early prenatal care
Cecil,78.7,All races/ ethnicities (aggregated),2013,Early prenatal care
Charles,67,All races/ ethnicities (aggregated),2013,Early prenatal care
Dorchester,73.5,All races/ ethnicities (aggregated),2013,Early prenatal care
Frederick,76.1,All races/ ethnicities (aggregated),2013,Early prenatal care
Garrett,81.2,All races/ ethnicities (aggregated),2013,Early prenatal care
Harford,75.2,All races/ ethnicities (aggregated),2013,Early prenatal care
Howard,64,All races/ ethnicities (aggregated),2013,Early prenatal care
Kent,72.7,All races/ ethnicities (aggregated),2013,Early prenatal care
Montgomery,67.9,All races/ ethnicities (aggregated),2013,Early prenatal care
Prince George's,58.1,All races/ ethnicities (aggregated),2013,Early prenatal care
Queen Anne's,81.4,All races/ ethnicities (aggregated),2013,Early prenatal care
Saint Mary's,79.8,All races/ ethnicities (aggregated),2013,Early prenatal care
Somerset,72.2,All races/ ethnicities (aggregated),2013,Early prenatal care
Talbot,73.6,All races/ ethnicities (aggregated),2013,Early prenatal care
Washington,71.7,All races/ ethnicities (aggregated),2013,Early prenatal care
Wicomico,76.8,All races/ ethnicities (aggregated),2013,Early prenatal care
Worcester,77.8,All races/ ethnicities (aggregated),2013,Early prenatal care
State,58.1,Black Non-Hispanic,2013,Early prenatal care
Allegany,66.7,Black Non-Hispanic,2013,Early prenatal care
Anne Arundel,66.5,Black Non-Hispanic,2013,Early prenatal care
Baltimore City,52.1,Black Non-Hispanic,2013,Early prenatal care
Baltimore County,60,Black Non-Hispanic,2013,Early prenatal care
Calvert,64.1,Black Non-Hispanic,2013,Early prenatal care
Caroline,74.6,Black Non-Hispanic,2013,Early prenatal care
Carroll,59.1,Black Non-Hispanic,2013,Early prenatal care
Cecil,58.8,Black Non-Hispanic,2013,Early prenatal care
Charles,61.6,Black Non-Hispanic,2013,Early prenatal care
Dorchester,67.1,Black Non-Hispanic,2013,Early prenatal care
Frederick,69.1,Black Non-Hispanic,2013,Early prenatal care
Garrett,,Black Non-Hispanic,2013,Early prenatal care
Harford,63.8,Black Non-Hispanic,2013,Early prenatal care
Howard,57.4,Black Non-Hispanic,2013,Early prenatal care
Kent,61.7,Black Non-Hispanic,2013,Early prenatal care
Montgomery,55.3,Black Non-Hispanic,2013,Early prenatal care
Prince George's,58.3,Black Non-Hispanic,2013,Early prenatal care
Queen Anne's,66.7,Black Non-Hispanic,2013,Early prenatal care
Saint Mary's,76.6,Black Non-Hispanic,2013,Early prenatal care
Somerset,62.3,Black Non-Hispanic,2013,Early prenatal care
Talbot,67.4,Black Non-Hispanic,2013,Early prenatal care
Washington,55,Black Non-Hispanic,2013,Early prenatal care
Wicomico,69.7,Black Non-Hispanic,2013,Early prenatal care
Worcester,58.5,Black Non-Hispanic,2013,Early prenatal care
State,51.7,Hispanic,2013,Early prenatal care
Allegany,62.5,Hispanic,2013,Early prenatal care
Anne Arundel,64.1,Hispanic,2013,Early prenatal care
Baltimore City,43.6,Hispanic,2013,Early prenatal care
Baltimore County,44.8,Hispanic,2013,Early prenatal care
Calvert,69,Hispanic,2013,Early prenatal care
Caroline,44.2,Hispanic,2013,Early prenatal care
Carroll,47.8,Hispanic,2013,Early prenatal care
Cecil,78.4,Hispanic,2013,Early prenatal care
Charles,56.3,Hispanic,2013,Early prenatal care
Dorchester,51.4,Hispanic,2013,Early prenatal care
Frederick,56.4,Hispanic,2013,Early prenatal care
Garrett,,Hispanic,2013,Early prenatal care
Harford,65.5,Hispanic,2013,Early prenatal care
Howard,41.9,Hispanic,2013,Early prenatal care
Kent,66.7,Hispanic,2013,Early prenatal care
Montgomery,51.5,Hispanic,2013,Early prenatal care
Prince George's,49.7,Hispanic,2013,Early prenatal care
Queen Anne's,50,Hispanic,2013,Early prenatal care
Saint Mary's,64.6,Hispanic,2013,Early prenatal care
Somerset,57.7,Hispanic,2013,Early prenatal care
Talbot,38.7,Hispanic,2013,Early prenatal care
Washington,61.3,Hispanic,2013,Early prenatal care
Wicomico,75,Hispanic,2013,Early prenatal care
Worcester,81.1,Hispanic,2013,Early prenatal care
State,77.8,White Non-Hispanic,2013,Early prenatal care
Allegany,70.5,White Non-Hispanic,2013,Early prenatal care
Anne Arundel,78.6,White Non-Hispanic,2013,Early prenatal care
Baltimore City,70,White Non-Hispanic,2013,Early prenatal care
Baltimore County,74.7,White Non-Hispanic,2013,Early prenatal care
Calvert,80.1,White Non-Hispanic,2013,Early prenatal care
Caroline,78.1,White Non-Hispanic,2013,Early prenatal care
Carroll,73.7,White Non-Hispanic,2013,Early prenatal care
Cecil,80.6,White Non-Hispanic,2013,Early prenatal care
Charles,75.5,White Non-Hispanic,2013,Early prenatal care
Dorchester,82.2,White Non-Hispanic,2013,Early prenatal care
Frederick,81.8,White Non-Hispanic,2013,Early prenatal care
Garrett,81.7,White Non-Hispanic,2013,Early prenatal care
Harford,78.5,White Non-Hispanic,2013,Early prenatal care
Howard,71.2,White Non-Hispanic,2013,Early prenatal care
Kent,77.5,White Non-Hispanic,2013,Early prenatal care
Montgomery,83.1,White Non-Hispanic,2013,Early prenatal care
Prince George's,74.1,White Non-Hispanic,2013,Early prenatal care
Queen Anne's,86.4,White Non-Hispanic,2013,Early prenatal care
Saint Mary's,81.6,White Non-Hispanic,2013,Early prenatal care
Somerset,81.4,White Non-Hispanic,2013,Early prenatal care
Talbot,85.1,White Non-Hispanic,2013,Early prenatal care
Washington,75.2,White Non-Hispanic,2013,Early prenatal care
Wicomico,81.5,White Non-Hispanic,2013,Early prenatal care
Worcester,83.4,White Non-Hispanic,2013,Early prenatal care
State,69,Asian/ Pacific Islander Non-Hispanic,2013,Early prenatal care
Allegany,64.7,Asian/ Pacific Islander Non-Hispanic,2013,Early prenatal care
Anne Arundel,69.5,Asian/ Pacific Islander Non-Hispanic,2013,Early prenatal care
Baltimore City,62,Asian/ Pacific Islander Non-Hispanic,2013,Early prenatal care
Baltimore County,59.4,Asian/ Pacific Islander Non-Hispanic,2013,Early prenatal care
Calvert,71.4,Asian/ Pacific Islander Non-Hispanic,2013,Early prenatal care
Caroline,,Asian/ Pacific Islander Non-Hispanic,2013,Early prenatal care
Carroll,56.3,Asian/ Pacific Islander Non-Hispanic,2013,Early prenatal care
Cecil,57.9,Asian/ Pacific Islander Non-Hispanic,2013,Early prenatal care
Charles,67.2,Asian/ Pacific Islander Non-Hispanic,2013,Early prenatal care
Dorchester,,Asian/ Pacific Islander Non-Hispanic,2013,Early prenatal care
Frederick,68.1,Asian/ Pacific Islander Non-Hispanic,2013,Early prenatal care
Garrett,,Asian/ Pacific Islander Non-Hispanic,2013,Early prenatal care
Harford,71.6,Asian/ Pacific Islander Non-Hispanic,2013,Early prenatal care
Howard,64.1,Asian/ Pacific Islander Non-Hispanic,2013,Early prenatal care
Kent,,Asian/ Pacific Islander Non-Hispanic,2013,Early prenatal care
Montgomery,75.1,Asian/ Pacific Islander Non-Hispanic,2013,Early prenatal care
Prince George's,67.9,Asian/ Pacific Islander Non-Hispanic,2013,Early prenatal care
Queen Anne's,,Asian/ Pacific Islander Non-Hispanic,2013,Early prenatal care
Saint Mary's,79.6,Asian/ Pacific Islander Non-Hispanic,2013,Early prenatal care
Somerset,100,Asian/ Pacific Islander Non-Hispanic,2013,Early prenatal care
Talbot,66.7,Asian/ Pacific Islander Non-Hispanic,2013,Early prenatal care
Washington,68.2,Asian/ Pacific Islander Non-Hispanic,2013,Early prenatal care
Wicomico,81.1,Asian/ Pacific Islander Non-Hispanic,2013,Early prenatal care
Worcester,62.5,Asian/ Pacific Islander Non-Hispanic,2013,Early prenatal care
State,67.9,All races/ ethnicities (aggregated),2012,Early prenatal care
Allegany,74,All races/ ethnicities (aggregated),2012,Early prenatal care
Anne Arundel,71.4,All races/ ethnicities (aggregated),2012,Early prenatal care
Baltimore City,64.4,All races/ ethnicities (aggregated),2012,Early prenatal care
Baltimore County,68.9,All races/ ethnicities (aggregated),2012,Early prenatal care
Calvert,76.8,All races/ ethnicities (aggregated),2012,Early prenatal care
Caroline,78.8,All races/ ethnicities (aggregated),2012,Early prenatal care
Carroll,74.1,All races/ ethnicities (aggregated),2012,Early prenatal care
Cecil,81.1,All races/ ethnicities (aggregated),2012,Early prenatal care
Charles,66.9,All races/ ethnicities (aggregated),2012,Early prenatal care
Dorchester,77.8,All races/ ethnicities (aggregated),2012,Early prenatal care
Frederick,76.8,All races/ ethnicities (aggregated),2012,Early prenatal care
Garrett,81.1,All races/ ethnicities (aggregated),2012,Early prenatal care
Harford,78,All races/ ethnicities (aggregated),2012,Early prenatal care
Howard,71.8,All races/ ethnicities (aggregated),2012,Early prenatal care
Kent,74.6,All races/ ethnicities (aggregated),2012,Early prenatal care
Montgomery,66.5,All races/ ethnicities (aggregated),2012,Early prenatal care
Prince George's,56.2,All races/ ethnicities (aggregated),2012,Early prenatal care
Queen Anne's,76.9,All races/ ethnicities (aggregated),2012,Early prenatal care
Saint Mary's,79.2,All races/ ethnicities (aggregated),2012,Early prenatal care
Somerset,72.2,All races/ ethnicities (aggregated),2012,Early prenatal care
Talbot,77,All races/ ethnicities (aggregated),2012,Early prenatal care
Washington,71.1,All races/ ethnicities (aggregated),2012,Early prenatal care
Wicomico,72.9,All races/ ethnicities (aggregated),2012,Early prenatal care
Worcester,74,All races/ ethnicities (aggregated),2012,Early prenatal care
State,60.6,Black Non-Hispanic,2012,Early prenatal care
Allegany,59.1,Black Non-Hispanic,2012,Early prenatal care
Anne Arundel,64.7,Black Non-Hispanic,2012,Early prenatal care
Baltimore City,62,Black Non-Hispanic,2012,Early prenatal care
Baltimore County,62.2,Black Non-Hispanic,2012,Early prenatal care
Calvert,66.1,Black Non-Hispanic,2012,Early prenatal care
Caroline,65.8,Black Non-Hispanic,2012,Early prenatal care
Carroll,46.3,Black Non-Hispanic,2012,Early prenatal care
Cecil,84.4,Black Non-Hispanic,2012,Early prenatal care
Charles,62.7,Black Non-Hispanic,2012,Early prenatal care
Dorchester,75,Black Non-Hispanic,2012,Early prenatal care
Frederick,65.4,Black Non-Hispanic,2012,Early prenatal care
Garrett,,Black Non-Hispanic,2012,Early prenatal care
Harford,68.3,Black Non-Hispanic,2012,Early prenatal care
Howard,61.6,Black Non-Hispanic,2012,Early prenatal care
Kent,64.7,Black Non-Hispanic,2012,Early prenatal care
Montgomery,55.7,Black Non-Hispanic,2012,Early prenatal care
Prince George's,57.2,Black Non-Hispanic,2012,Early prenatal care
Queen Anne's,68.6,Black Non-Hispanic,2012,Early prenatal care
Saint Mary's,75.6,Black Non-Hispanic,2012,Early prenatal care
Somerset,70.2,Black Non-Hispanic,2012,Early prenatal care
Talbot,79.2,Black Non-Hispanic,2012,Early prenatal care
Washington,58.9,Black Non-Hispanic,2012,Early prenatal care
Wicomico,65.4,Black Non-Hispanic,2012,Early prenatal care
Worcester,69.6,Black Non-Hispanic,2012,Early prenatal care
State,50.3,Hispanic,2012,Early prenatal care
Allegany,,Hispanic,2012,Early prenatal care
Anne Arundel,57.9,Hispanic,2012,Early prenatal care
Baltimore City,55.6,Hispanic,2012,Early prenatal care
Baltimore County,51.6,Hispanic,2012,Early prenatal care
Calvert,83.3,Hispanic,2012,Early prenatal care
Caroline,61,Hispanic,2012,Early prenatal care
Carroll,46.3,Hispanic,2012,Early prenatal care
Cecil,62.5,Hispanic,2012,Early prenatal care
Charles,53.7,Hispanic,2012,Early prenatal care
Dorchester,70.2,Hispanic,2012,Early prenatal care
Frederick,60.4,Hispanic,2012,Early prenatal care
Garrett,,Hispanic,2012,Early prenatal care
Harford,71.3,Hispanic,2012,Early prenatal care
Howard,49.3,Hispanic,2012,Early prenatal care
Kent,58.8,Hispanic,2012,Early prenatal care
Montgomery,47.2,Hispanic,2012,Early prenatal care
Prince George's,44.9,Hispanic,2012,Early prenatal care
Queen Anne's,48.4,Hispanic,2012,Early prenatal care
Saint Mary's,81.4,Hispanic,2012,Early prenatal care
Somerset,62.5,Hispanic,2012,Early prenatal care
Talbot,50.7,Hispanic,2012,Early prenatal care
Washington,61.3,Hispanic,2012,Early prenatal care
Wicomico,69.8,Hispanic,2012,Early prenatal care
Worcester,70.3,Hispanic,2012,Early prenatal care
State,77.8,White Non-Hispanic,2012,Early prenatal care
Allegany,74.6,White Non-Hispanic,2012,Early prenatal care
Anne Arundel,75.7,White Non-Hispanic,2012,Early prenatal care
Baltimore City,72.2,White Non-Hispanic,2012,Early prenatal care
Baltimore County,76.3,White Non-Hispanic,2012,Early prenatal care
Calvert,78.3,White Non-Hispanic,2012,Early prenatal care
Caroline,84.4,White Non-Hispanic,2012,Early prenatal care
Carroll,76.9,White Non-Hispanic,2012,Early prenatal care
Cecil,81.6,White Non-Hispanic,2012,Early prenatal care
Charles,73.9,White Non-Hispanic,2012,Early prenatal care
Dorchester,82.5,White Non-Hispanic,2012,Early prenatal care
Frederick,81.9,White Non-Hispanic,2012,Early prenatal care
Garrett,81.2,White Non-Hispanic,2012,Early prenatal care
Harford,80.4,White Non-Hispanic,2012,Early prenatal care
Howard,80.1,White Non-Hispanic,2012,Early prenatal care
Kent,79.4,White Non-Hispanic,2012,Early prenatal care
Montgomery,81.7,White Non-Hispanic,2012,Early prenatal care
Prince George's,73,White Non-Hispanic,2012,Early prenatal care
Queen Anne's,80.2,White Non-Hispanic,2012,Early prenatal care
Saint Mary's,80.5,White Non-Hispanic,2012,Early prenatal care
Somerset,77,White Non-Hispanic,2012,Early prenatal care
Talbot,86,White Non-Hispanic,2012,Early prenatal care
Washington,73.7,White Non-Hispanic,2012,Early prenatal care
Wicomico,78.3,White Non-Hispanic,2012,Early prenatal care
Worcester,75.1,White Non-Hispanic,2012,Early prenatal care
State,71,Asian/ Pacific Islander Non-Hispanic,2012,Early prenatal care
Allegany,,Asian/ Pacific Islander Non-Hispanic,2012,Early prenatal care
Anne Arundel,68.6,Asian/ Pacific Islander Non-Hispanic,2012,Early prenatal care
Baltimore City,67.3,Asian/ Pacific Islander Non-Hispanic,2012,Early prenatal care
Baltimore County,64,Asian/ Pacific Islander Non-Hispanic,2012,Early prenatal care
Calvert,64.3,Asian/ Pacific Islander Non-Hispanic,2012,Early prenatal care
Caroline,,Asian/ Pacific Islander Non-Hispanic,2012,Early prenatal care
Carroll,66.7,Asian/ Pacific Islander Non-Hispanic,2012,Early prenatal care
Cecil,80,Asian/ Pacific Islander Non-Hispanic,2012,Early prenatal care
Charles,60.7,Asian/ Pacific Islander Non-Hispanic,2012,Early prenatal care
Dorchester,62.5,Asian/ Pacific Islander Non-Hispanic,2012,Early prenatal care
Frederick,71.5,Asian/ Pacific Islander Non-Hispanic,2012,Early prenatal care
Garrett,,Asian/ Pacific Islander Non-Hispanic,2012,Early prenatal care
Harford,79.1,Asian/ Pacific Islander Non-Hispanic,2012,Early prenatal care
Howard,72.3,Asian/ Pacific Islander Non-Hispanic,2012,Early prenatal care
Kent,,Asian/ Pacific Islander Non-Hispanic,2012,Early prenatal care
Montgomery,75.8,Asian/ Pacific Islander Non-Hispanic,2012,Early prenatal care
Prince George's,65.5,Asian/ Pacific Islander Non-Hispanic,2012,Early prenatal care
Queen Anne's,75,Asian/ Pacific Islander Non-Hispanic,2012,Early prenatal care
Saint Mary's,64.3,Asian/ Pacific Islander Non-Hispanic,2012,Early prenatal care
Somerset,,Asian/ Pacific Islander Non-Hispanic,2012,Early prenatal care
Talbot,75,Asian/ Pacific Islander Non-Hispanic,2012,Early prenatal care
Washington,65.9,Asian/ Pacific Islander Non-Hispanic,2012,Early prenatal care
Wicomico,76.5,Asian/ Pacific Islander Non-Hispanic,2012,Early prenatal care
Worcester,100,Asian/ Pacific Islander Non-Hispanic,2012,Early prenatal care
State,67.7,All races/ ethnicities (aggregated),2011,Early prenatal care
Allegany,69.5,All races/ ethnicities (aggregated),2011,Early prenatal care
Anne Arundel,74.7,All races/ ethnicities (aggregated),2011,Early prenatal care
Baltimore City,62.8,All races/ ethnicities (aggregated),2011,Early prenatal care
Baltimore County,68.6,All races/ ethnicities (aggregated),2011,Early prenatal care
Calvert,78.1,All races/ ethnicities (aggregated),2011,Early prenatal care
Caroline,80.9,All races/ ethnicities (aggregated),2011,Early prenatal care
Carroll,73.8,All races/ ethnicities (aggregated),2011,Early prenatal care
Cecil,80.4,All races/ ethnicities (aggregated),2011,Early prenatal care
Charles,60.4,All races/ ethnicities (aggregated),2011,Early prenatal care
Dorchester,74.1,All races/ ethnicities (aggregated),2011,Early prenatal care
Frederick,74.6,All races/ ethnicities (aggregated),2011,Early prenatal care
Garrett,83,All races/ ethnicities (aggregated),2011,Early prenatal care
Harford,78.7,All races/ ethnicities (aggregated),2011,Early prenatal care
Howard,73,All races/ ethnicities (aggregated),2011,Early prenatal care
Kent,77,All races/ ethnicities (aggregated),2011,Early prenatal care
Montgomery,66.9,All races/ ethnicities (aggregated),2011,Early prenatal care
Prince George's,54.1,All races/ ethnicities (aggregated),2011,Early prenatal care
Queen Anne's,81.1,All races/ ethnicities (aggregated),2011,Early prenatal care
Saint Mary's,76.1,All races/ ethnicities (aggregated),2011,Early prenatal care
Somerset,79.5,All races/ ethnicities (aggregated),2011,Early prenatal care
Talbot,73.7,All races/ ethnicities (aggregated),2011,Early prenatal care
Washington,68.1,All races/ ethnicities (aggregated),2011,Early prenatal care
Wicomico,73.1,All races/ ethnicities (aggregated),2011,Early prenatal care
Worcester,78.4,All races/ ethnicities (aggregated),2011,Early prenatal care
State,59.6,Black Non-Hispanic,2011,Early prenatal care
Allegany,83.3,Black Non-Hispanic,2011,Early prenatal care
Anne Arundel,63.7,Black Non-Hispanic,2011,Early prenatal care
Baltimore City,60.5,Black Non-Hispanic,2011,Early prenatal care
Baltimore County,62.7,Black Non-Hispanic,2011,Early prenatal care
Calvert,66.4,Black Non-Hispanic,2011,Early prenatal care
Caroline,76.7,Black Non-Hispanic,2011,Early prenatal care
Carroll,64.9,Black Non-Hispanic,2011,Early prenatal care
Cecil,74.7,Black Non-Hispanic,2011,Early prenatal care
Charles,56.5,Black Non-Hispanic,2011,Early prenatal care
Dorchester,64.7,Black Non-Hispanic,2011,Early prenatal care
Frederick,61.8,Black Non-Hispanic,2011,Early prenatal care
Garrett,,Black Non-Hispanic,2011,Early prenatal care
Harford,69.8,Black Non-Hispanic,2011,Early prenatal care
Howard,66.4,Black Non-Hispanic,2011,Early prenatal care
Kent,65.8,Black Non-Hispanic,2011,Early prenatal care
Montgomery,57.7,Black Non-Hispanic,2011,Early prenatal care
Prince George's,54.6,Black Non-Hispanic,2011,Early prenatal care
Queen Anne's,74.4,Black Non-Hispanic,2011,Early prenatal care
Saint Mary's,64.4,Black Non-Hispanic,2011,Early prenatal care
Somerset,80.7,Black Non-Hispanic,2011,Early prenatal care
Talbot,69.7,Black Non-Hispanic,2011,Early prenatal care
Washington,58.6,Black Non-Hispanic,2011,Early prenatal care
Wicomico,62.8,Black Non-Hispanic,2011,Early prenatal care
Worcester,58.3,Black Non-Hispanic,2011,Early prenatal care
State,48.7,Hispanic,2011,Early prenatal care
Allegany,,Hispanic,2011,Early prenatal care
Anne Arundel,63.6,Hispanic,2011,Early prenatal care
Baltimore City,44.9,Hispanic,2011,Early prenatal care
Baltimore County,46.7,Hispanic,2011,Early prenatal care
Calvert,70,Hispanic,2011,Early prenatal care
Caroline,61.2,Hispanic,2011,Early prenatal care
Carroll,50.7,Hispanic,2011,Early prenatal care
Cecil,68.4,Hispanic,2011,Early prenatal care
Charles,36.6,Hispanic,2011,Early prenatal care
Dorchester,73.1,Hispanic,2011,Early prenatal care
Frederick,60.7,Hispanic,2011,Early prenatal care
Garrett,,Hispanic,2011,Early prenatal care
Harford,75.5,Hispanic,2011,Early prenatal care
Howard,51.3,Hispanic,2011,Early prenatal care
Kent,60,Hispanic,2011,Early prenatal care
Montgomery,44.9,Hispanic,2011,Early prenatal care
Prince George's,44.6,Hispanic,2011,Early prenatal care
Queen Anne's,40.6,Hispanic,2011,Early prenatal care
Saint Mary's,63.2,Hispanic,2011,Early prenatal care
Somerset,63.3,Hispanic,2011,Early prenatal care
Talbot,45.5,Hispanic,2011,Early prenatal care
Washington,55.6,Hispanic,2011,Early prenatal care
Wicomico,61.7,Hispanic,2011,Early prenatal care
Worcester,78.1,Hispanic,2011,Early prenatal care
State,78.2,White Non-Hispanic,2011,Early prenatal care
Allegany,69.9,White Non-Hispanic,2011,Early prenatal care
Anne Arundel,79.9,White Non-Hispanic,2011,Early prenatal care
Baltimore City,73.4,White Non-Hispanic,2011,Early prenatal care
Baltimore County,76.5,White Non-Hispanic,2011,Early prenatal care
Calvert,80.4,White Non-Hispanic,2011,Early prenatal care
Caroline,84.8,White Non-Hispanic,2011,Early prenatal care
Carroll,75.3,White Non-Hispanic,2011,Early prenatal care
Cecil,81.1,White Non-Hispanic,2011,Early prenatal care
Charles,68.3,White Non-Hispanic,2011,Early prenatal care
Dorchester,79.5,White Non-Hispanic,2011,Early prenatal care
Frederick,79.3,White Non-Hispanic,2011,Early prenatal care
Garrett,83.2,White Non-Hispanic,2011,Early prenatal care
Harford,81.4,White Non-Hispanic,2011,Early prenatal care
Howard,81.4,White Non-Hispanic,2011,Early prenatal care
Kent,82.2,White Non-Hispanic,2011,Early prenatal care
Montgomery,82.3,White Non-Hispanic,2011,Early prenatal care
Prince George's,69.4,White Non-Hispanic,2011,Early prenatal care
Queen Anne's,84.6,White Non-Hispanic,2011,Early prenatal care
Saint Mary's,79.2,White Non-Hispanic,2011,Early prenatal care
Somerset,82.6,White Non-Hispanic,2011,Early prenatal care
Talbot,81.3,White Non-Hispanic,2011,Early prenatal care
Washington,69.6,White Non-Hispanic,2011,Early prenatal care
Wicomico,82,White Non-Hispanic,2011,Early prenatal care
Worcester,84.6,White Non-Hispanic,2011,Early prenatal care
State,70.2,Asian/ Pacific Islander Non-Hispanic,2011,Early prenatal care
Allegany,,Asian/ Pacific Islander Non-Hispanic,2011,Early prenatal care
Anne Arundel,70.3,Asian/ Pacific Islander Non-Hispanic,2011,Early prenatal care
Baltimore City,64.9,Asian/ Pacific Islander Non-Hispanic,2011,Early prenatal care
Baltimore County,62.2,Asian/ Pacific Islander Non-Hispanic,2011,Early prenatal care
Calvert,78.3,Asian/ Pacific Islander Non-Hispanic,2011,Early prenatal care
Caroline,,Asian/ Pacific Islander Non-Hispanic,2011,Early prenatal care
Carroll,70.6,Asian/ Pacific Islander Non-Hispanic,2011,Early prenatal care
Cecil,90.9,Asian/ Pacific Islander Non-Hispanic,2011,Early prenatal care
Charles,64.1,Asian/ Pacific Islander Non-Hispanic,2011,Early prenatal care
Dorchester,,Asian/ Pacific Islander Non-Hispanic,2011,Early prenatal care
Frederick,72.6,Asian/ Pacific Islander Non-Hispanic,2011,Early prenatal care
Garrett,,Asian/ Pacific Islander Non-Hispanic,2011,Early prenatal care
Harford,68.3,Asian/ Pacific Islander Non-Hispanic,2011,Early prenatal care
Howard,67.8,Asian/ Pacific Islander Non-Hispanic,2011,Early prenatal care
Kent,,Asian/ Pacific Islander Non-Hispanic,2011,Early prenatal care
Montgomery,76.2,Asian/ Pacific Islander Non-Hispanic,2011,Early prenatal care
Prince George's,63.7,Asian/ Pacific Islander Non-Hispanic,2011,Early prenatal care
Queen Anne's,,Asian/ Pacific Islander Non-Hispanic,2011,Early prenatal care
Saint Mary's,77.4,Asian/ Pacific Islander Non-Hispanic,2011,Early prenatal care
Somerset,,Asian/ Pacific Islander Non-Hispanic,2011,Early prenatal care
Talbot,80,Asian/ Pacific Islander Non-Hispanic,2011,Early prenatal care
Washington,74.2,Asian/ Pacific Islander Non-Hispanic,2011,Early prenatal care
Wicomico,72.7,Asian/ Pacific Islander Non-Hispanic,2011,Early prenatal care
Worcester,71.4,Asian/ Pacific Islander Non-Hispanic,2011,Early prenatal care
State,69,All races/ ethnicities (aggregated),2010,Early prenatal care
Allegany,75.4,All races/ ethnicities (aggregated),2010,Early prenatal care
Anne Arundel,78.2,All races/ ethnicities (aggregated),2010,Early prenatal care
Baltimore City,64.9,All races/ ethnicities (aggregated),2010,Early prenatal care
Baltimore County,68.4,All races/ ethnicities (aggregated),2010,Early prenatal care
Calvert,78.2,All races/ ethnicities (aggregated),2010,Early prenatal care
Caroline,75,All races/ ethnicities (aggregated),2010,Early prenatal care
Carroll,73.6,All races/ ethnicities (aggregated),2010,Early prenatal care
Cecil,78.1,All races/ ethnicities (aggregated),2010,Early prenatal care
Charles,66.6,All races/ ethnicities (aggregated),2010,Early prenatal care
Dorchester,73.5,All races/ ethnicities (aggregated),2010,Early prenatal care
Frederick,76,All races/ ethnicities (aggregated),2010,Early prenatal care
Garrett,82.1,All races/ ethnicities (aggregated),2010,Early prenatal care
Harford,78.7,All races/ ethnicities (aggregated),2010,Early prenatal care
Howard,73.2,All races/ ethnicities (aggregated),2010,Early prenatal care
Kent,77.3,All races/ ethnicities (aggregated),2010,Early prenatal care
Montgomery,69.3,All races/ ethnicities (aggregated),2010,Early prenatal care
Prince George's,54,All races/ ethnicities (aggregated),2010,Early prenatal care
Queen Anne's,84.5,All races/ ethnicities (aggregated),2010,Early prenatal care
Saint Mary's,74.8,All races/ ethnicities (aggregated),2010,Early prenatal care
Somerset,73.6,All races/ ethnicities (aggregated),2010,Early prenatal care
Talbot,79.4,All races/ ethnicities (aggregated),2010,Early prenatal care
Washington,64,All races/ ethnicities (aggregated),2010,Early prenatal care
Wicomico,67.4,All races/ ethnicities (aggregated),2010,Early prenatal care
Worcester,73.4,All races/ ethnicities (aggregated),2010,Early prenatal care
State,60.9,Black Non-Hispanic,2010,Early prenatal care
Allegany,68.2,Black Non-Hispanic,2010,Early prenatal care
Anne Arundel,69.1,Black Non-Hispanic,2010,Early prenatal care
Baltimore City,63.1,Black Non-Hispanic,2010,Early prenatal care
Baltimore County,62,Black Non-Hispanic,2010,Early prenatal care
Calvert,70.9,Black Non-Hispanic,2010,Early prenatal care
Caroline,65,Black Non-Hispanic,2010,Early prenatal care
Carroll,68.9,Black Non-Hispanic,2010,Early prenatal care
Cecil,64.5,Black Non-Hispanic,2010,Early prenatal care
Charles,62.7,Black Non-Hispanic,2010,Early prenatal care
Dorchester,66.4,Black Non-Hispanic,2010,Early prenatal care
Frederick,64.4,Black Non-Hispanic,2010,Early prenatal care
Garrett,,Black Non-Hispanic,2010,Early prenatal care
Harford,70.3,Black Non-Hispanic,2010,Early prenatal care
Howard,60,Black Non-Hispanic,2010,Early prenatal care
Kent,68.8,Black Non-Hispanic,2010,Early prenatal care
Montgomery,57.5,Black Non-Hispanic,2010,Early prenatal care
Prince George's,55.4,Black Non-Hispanic,2010,Early prenatal care
Queen Anne's,83.7,Black Non-Hispanic,2010,Early prenatal care
Saint Mary's,60.7,Black Non-Hispanic,2010,Early prenatal care
Somerset,70.3,Black Non-Hispanic,2010,Early prenatal care
Talbot,76.6,Black Non-Hispanic,2010,Early prenatal care
Washington,52.7,Black Non-Hispanic,2010,Early prenatal care
Wicomico,60,Black Non-Hispanic,2010,Early prenatal care
Worcester,65.1,Black Non-Hispanic,2010,Early prenatal care
State,50.1,Hispanic,2010,Early prenatal care
Allegany,,Hispanic,2010,Early prenatal care
Anne Arundel,68,Hispanic,2010,Early prenatal care
Baltimore City,45.9,Hispanic,2010,Early prenatal care
Baltimore County,49.7,Hispanic,2010,Early prenatal care
Calvert,68.2,Hispanic,2010,Early prenatal care
Caroline,46,Hispanic,2010,Early prenatal care
Carroll,51.5,Hispanic,2010,Early prenatal care
Cecil,73.7,Hispanic,2010,Early prenatal care
Charles,52.1,Hispanic,2010,Early prenatal care
Dorchester,54.1,Hispanic,2010,Early prenatal care
Frederick,59,Hispanic,2010,Early prenatal care
Garrett,,Hispanic,2010,Early prenatal care
Harford,67.5,Hispanic,2010,Early prenatal care
Howard,55.1,Hispanic,2010,Early prenatal care
Kent,56.3,Hispanic,2010,Early prenatal care
Montgomery,47.2,Hispanic,2010,Early prenatal care
Prince George's,43.9,Hispanic,2010,Early prenatal care
Queen Anne's,44.2,Hispanic,2010,Early prenatal care
Saint Mary's,62.3,Hispanic,2010,Early prenatal care
Somerset,58.1,Hispanic,2010,Early prenatal care
Talbot,51,Hispanic,2010,Early prenatal care
Washington,52.7,Hispanic,2010,Early prenatal care
Wicomico,38.3,Hispanic,2010,Early prenatal care
Worcester,55.9,Hispanic,2010,Early prenatal care
State,78.6,White Non-Hispanic,2010,Early prenatal care
Allegany,76,White Non-Hispanic,2010,Early prenatal care
Anne Arundel,82,White Non-Hispanic,2010,Early prenatal care
Baltimore City,74.3,White Non-Hispanic,2010,Early prenatal care
Baltimore County,75.1,White Non-Hispanic,2010,Early prenatal care
Calvert,79.4,White Non-Hispanic,2010,Early prenatal care
Caroline,84.5,White Non-Hispanic,2010,Early prenatal care
Carroll,74.8,White Non-Hispanic,2010,Early prenatal care
Cecil,79.4,White Non-Hispanic,2010,Early prenatal care
Charles,73,White Non-Hispanic,2010,Early prenatal care
Dorchester,83.2,White Non-Hispanic,2010,Early prenatal care
Frederick,81.6,White Non-Hispanic,2010,Early prenatal care
Garrett,82.2,White Non-Hispanic,2010,Early prenatal care
Harford,81.5,White Non-Hispanic,2010,Early prenatal care
Howard,83.6,White Non-Hispanic,2010,Early prenatal care
Kent,82.5,White Non-Hispanic,2010,Early prenatal care
Montgomery,83.8,White Non-Hispanic,2010,Early prenatal care
Prince George's,71,White Non-Hispanic,2010,Early prenatal care
Queen Anne's,90,White Non-Hispanic,2010,Early prenatal care
Saint Mary's,78.6,White Non-Hispanic,2010,Early prenatal care
Somerset,80.5,White Non-Hispanic,2010,Early prenatal care
Talbot,85.6,White Non-Hispanic,2010,Early prenatal care
Washington,66.4,White Non-Hispanic,2010,Early prenatal care
Wicomico,75.9,White Non-Hispanic,2010,Early prenatal care
Worcester,77.6,White Non-Hispanic,2010,Early prenatal care
State,70.5,Asian/ Pacific Islander Non-Hispanic,2010,Early prenatal care
Allegany,62.5,Asian/ Pacific Islander Non-Hispanic,2010,Early prenatal care
Anne Arundel,78.2,Asian/ Pacific Islander Non-Hispanic,2010,Early prenatal care
Baltimore City,66.4,Asian/ Pacific Islander Non-Hispanic,2010,Early prenatal care
Baltimore County,66.1,Asian/ Pacific Islander Non-Hispanic,2010,Early prenatal care
Calvert,88.9,Asian/ Pacific Islander Non-Hispanic,2010,Early prenatal care
Caroline,,Asian/ Pacific Islander Non-Hispanic,2010,Early prenatal care
Carroll,77.5,Asian/ Pacific Islander Non-Hispanic,2010,Early prenatal care
Cecil,85.7,Asian/ Pacific Islander Non-Hispanic,2010,Early prenatal care
Charles,68.6,Asian/ Pacific Islander Non-Hispanic,2010,Early prenatal care
Dorchester,62.5,Asian/ Pacific Islander Non-Hispanic,2010,Early prenatal care
Frederick,70.4,Asian/ Pacific Islander Non-Hispanic,2010,Early prenatal care
Garrett,,Asian/ Pacific Islander Non-Hispanic,2010,Early prenatal care
Harford,72.5,Asian/ Pacific Islander Non-Hispanic,2010,Early prenatal care
Howard,69.4,Asian/ Pacific Islander Non-Hispanic,2010,Early prenatal care
Kent,,Asian/ Pacific Islander Non-Hispanic,2010,Early prenatal care
Montgomery,75.6,Asian/ Pacific Islander Non-Hispanic,2010,Early prenatal care
Prince George's,56.9,Asian/ Pacific Islander Non-Hispanic,2010,Early prenatal care
Queen Anne's,,Asian/ Pacific Islander Non-Hispanic,2010,Early prenatal care
Saint Mary's,67.5,Asian/ Pacific Islander Non-Hispanic,2010,Early prenatal care
Somerset,,Asian/ Pacific Islander Non-Hispanic,2010,Early prenatal care
Talbot,85.7,Asian/ Pacific Islander Non-Hispanic,2010,Early prenatal care
Washington,59.1,Asian/ Pacific Islander Non-Hispanic,2010,Early prenatal care
Wicomico,62.2,Asian/ Pacific Islander Non-Hispanic,2010,Early prenatal care
Worcester,,Asian/ Pacific Islander Non-Hispanic,2010,Early prenatal care
